<?xml version='1.0' encoding='utf-8'?>
<odoo>
  <record id="tax_group_vat_0" model="account.tax.group">
    <field name="country_id" ref="base.lt"/>
  </record>
  <record id="tax_group_vat_21" model="account.tax.group">
    <field name="country_id" ref="base.lt"/>
  </record>
  <record id="tax_group_vat_5" model="account.tax.group">
    <field name="country_id" ref="base.lt"/>
  </record>
  <record id="tax_group_vat_9" model="account.tax.group">
    <field name="country_id" ref="base.lt"/>
  </record>
</odoo>
