<?xml version='1.0' encoding='utf-8'?>
<odoo>
  <record id="action_account_resequence" model="ir.actions.act_window">
    <field name="groups_id" eval="[(6, 0, [ref('base.group_no_one')])]"/>
  </record>
  <record id="email_template_edi_invoice" model="mail.template">
    <field name="body_html" type="html">
      <div style="margin: 0px; padding: 0px;">
        <p style="margin: 0px; padding: 0px; font-size: 13px;">
        Dear
        <t t-if="object.partner_id.parent_id"><t t-out="object.partner_id.name or ''">Brandon Freeman</t> (<t t-out="object.partner_id.parent_id.name or ''">Azure Interior</t>),
        </t>
        <t t-else=""><t t-out="object.partner_id.name or ''">Brandon Freeman</t>,
        </t>
        <br/><br/>
        Here is your
        <t t-if="object.name">
            invoice <strong t-out="object.name or ''">INV/2021/05/0005</strong>
        </t>
        <t t-else="">
            invoice
        </t>
        <t t-if="object.invoice_origin">
            (with reference: <t t-out="object.invoice_origin or ''">SUB003</t>)
        </t>
        amounting in <strong t-out="format_amount(object.amount_total, object.currency_id) or ''">$ 143,750.00</strong>
        from <t t-out="object.company_id.name or ''">YourCompany</t>.
        <t t-if="object.payment_state in ('paid', 'in_payment')">
            This invoice is already paid.
        </t>
        <t t-else="">
            Please remit payment at your earliest convenience.
            <t t-if="object.payment_reference"><br/><br/>
                Please use the following communication for your payment: <strong t-out="object.payment_reference or ''">INV/2021/05/0005</strong>.
            </t>
        </t>
        <br/><br/>
        Do not hesitate to contact us if you have any questions.
        <t t-if="object.invoice_user_id.signature"><br/><t t-out="object.invoice_user_id.signature or ''">--<br/>Mitchell Admin</t></t>
    </p>
      </div>
    </field>
    <field name="email_from">{{ (object.invoice_user_id.email_formatted or user.email_formatted) }}</field>
    <field name="lang">{{ object.partner_id.lang }}</field>
    <field name="partner_to">{{ object.partner_id.id }}</field>
    <field name="report_name">Invoice_{{ (object.name or '').replace('/','_') }}{{ object.state == 'draft' and '_draft' or '' }}</field>
    <field name="subject">{{ object.company_id.name }} Invoice (Ref {{ object.name or 'n/a' }})</field>
  </record>
  <record id="mail_template_data_payment_receipt" model="mail.template">
    <field name="body_html" type="html">
      <div style="margin: 0px; padding: 0px;">
        <p style="margin: 0px; padding: 0px; font-size: 13px;">
        Dear <t t-out="object.partner_id.name or ''">Azure Interior</t><br/><br/>
        Thank you for your payment.
        Here is your payment receipt <strong t-out="(object.name or '').replace('/','-') or ''">BNK1-2021-05-0002</strong> amounting
        to <strong t-out="format_amount(object.amount, object.currency_id) or ''">$ 10.00</strong> from <t t-out="object.company_id.name or ''">YourCompany</t>.
        <br/><br/>
        Do not hesitate to contact us if you have any questions.
        <br/><br/>
        Best regards,
        <t t-if="user.signature"><br/><t t-out="user.signature or ''">--<br/>Mitchell Admin</t></t>
    </p>
      </div>
    </field>
    <field name="lang">{{ object.partner_id.lang }}</field>
    <field name="partner_to">{{ object.partner_id.id }}</field>
    <field name="report_name">{{ (object.name or '').replace('/','-') }}</field>
    <field name="subject">{{ object.company_id.name }} Payment Receipt (Ref {{ object.name or 'n/a' }})</field>
  </record>
</odoo>
