<?xml version='1.0' encoding='utf-8'?>
<odoo>
  <record id="tax_group_iva_0" model="account.tax.group">
    <field name="country_id" ref="base.ve"/>
  </record>
  <record id="tax_group_iva_12" model="account.tax.group">
    <field name="country_id" ref="base.ve"/>
  </record>
  <record id="tax_group_iva_22" model="account.tax.group">
    <field name="country_id" ref="base.ve"/>
  </record>
  <record id="tax_group_iva_8" model="account.tax.group">
    <field name="country_id" ref="base.ve"/>
  </record>
</odoo>
