<?xml version='1.0' encoding='utf-8'?>
<odoo>
  <record id="ir_cron_mass_mailing_queue" model="ir.cron">
    <!-- We don't need to change the previous interval -->
    <!-- <field name="interval_number">1</field>
    <field name="interval_type">days</field> -->
    <field name="name">Mail Marketing: Process queue</field>
  </record>
  <template id="mass_mailing_mail_layout">
        &lt;!DOCTYPE html&gt;
        <html xmlns="http://www.w3.org/1999/xhtml"><head><meta http-equiv="Content-Type" content="text/html; charset=UTF-8"/><meta name="format-detection" content="telephone=no"/><meta name="viewport" content="width=device-width; initial-scale=1.0; maximum-scale=1.0; user-scalable=no;"/><meta http-equiv="X-UA-Compatible" content="IE=9; IE=8; IE=7; IE=EDGE"/><t t-call="mass_mailing.mass_mailing_mail_style"/></head><body><t t-out="body"/></body></html>
    </template>
</odoo>
