<?xml version='1.0' encoding='utf-8'?>
<odoo>
  <record id="tax_group_vat_0" model="account.tax.group">
    <field name="country_id" ref="base.pl"/>
  </record>
  <record id="tax_group_vat_22" model="account.tax.group">
    <field name="country_id" ref="base.pl"/>
  </record>
  <record id="tax_group_vat_23" model="account.tax.group">
    <field name="country_id" ref="base.pl"/>
  </record>
  <record id="tax_group_vat_3" model="account.tax.group">
    <field name="country_id" ref="base.pl"/>
  </record>
  <record id="tax_group_vat_5" model="account.tax.group">
    <field name="country_id" ref="base.pl"/>
  </record>
  <record id="tax_group_vat_7" model="account.tax.group">
    <field name="country_id" ref="base.pl"/>
  </record>
  <record id="tax_group_vat_8" model="account.tax.group">
    <field name="country_id" ref="base.pl"/>
  </record>
</odoo>
