<?xml version='1.0' encoding='utf-8'?>
<odoo>
  <record id="tax_group_iva_0" model="account.tax.group">
    <field name="country_id" ref="base.ar"/>
  </record>
  <record id="tax_group_iva_025" model="account.tax.group">
    <field name="country_id" ref="base.ar"/>
  </record>
  <record id="tax_group_iva_105" model="account.tax.group">
    <field name="country_id" ref="base.ar"/>
  </record>
  <record id="tax_group_iva_21" model="account.tax.group">
    <field name="country_id" ref="base.ar"/>
  </record>
  <record id="tax_group_iva_27" model="account.tax.group">
    <field name="country_id" ref="base.ar"/>
  </record>
  <record id="tax_group_iva_5" model="account.tax.group">
    <field name="country_id" ref="base.ar"/>
  </record>
  <record id="tax_group_iva_exento" model="account.tax.group">
    <field name="country_id" ref="base.ar"/>
  </record>
  <record id="tax_group_iva_no_corresponde" model="account.tax.group">
    <field name="country_id" ref="base.ar"/>
  </record>
  <record id="tax_group_iva_no_gravado" model="account.tax.group">
    <field name="country_id" ref="base.ar"/>
  </record>
  <record id="tax_group_otras_percepciones" model="account.tax.group">
    <field name="country_id" ref="base.ar"/>
  </record>
  <record id="tax_group_percepcion_ganancias" model="account.tax.group">
    <field name="country_id" ref="base.ar"/>
  </record>
  <record id="tax_group_percepcion_iibb" model="account.tax.group">
    <field name="country_id" ref="base.ar"/>
  </record>
  <record id="tax_group_percepcion_iibb_az" model="account.tax.group">
    <field name="country_id" ref="base.ar"/>
  </record>
  <record id="tax_group_percepcion_iibb_ba" model="account.tax.group">
    <field name="country_id" ref="base.ar"/>
  </record>
  <record id="tax_group_percepcion_iibb_ca" model="account.tax.group">
    <field name="country_id" ref="base.ar"/>
  </record>
  <record id="tax_group_percepcion_iibb_caba" model="account.tax.group">
    <field name="country_id" ref="base.ar"/>
  </record>
  <record id="tax_group_percepcion_iibb_co" model="account.tax.group">
    <field name="country_id" ref="base.ar"/>
  </record>
  <record id="tax_group_percepcion_iibb_ct" model="account.tax.group">
    <field name="country_id" ref="base.ar"/>
  </record>
  <record id="tax_group_percepcion_iibb_er" model="account.tax.group">
    <field name="country_id" ref="base.ar"/>
  </record>
  <record id="tax_group_percepcion_iibb_fo" model="account.tax.group">
    <field name="country_id" ref="base.ar"/>
  </record>
  <record id="tax_group_percepcion_iibb_ha" model="account.tax.group">
    <field name="country_id" ref="base.ar"/>
  </record>
  <record id="tax_group_percepcion_iibb_ju" model="account.tax.group">
    <field name="country_id" ref="base.ar"/>
  </record>
  <record id="tax_group_percepcion_iibb_lp" model="account.tax.group">
    <field name="country_id" ref="base.ar"/>
  </record>
  <record id="tax_group_percepcion_iibb_lr" model="account.tax.group">
    <field name="country_id" ref="base.ar"/>
  </record>
  <record id="tax_group_percepcion_iibb_mi" model="account.tax.group">
    <field name="country_id" ref="base.ar"/>
  </record>
  <record id="tax_group_percepcion_iibb_ne" model="account.tax.group">
    <field name="country_id" ref="base.ar"/>
  </record>
  <record id="tax_group_percepcion_iibb_nn" model="account.tax.group">
    <field name="country_id" ref="base.ar"/>
  </record>
  <record id="tax_group_percepcion_iibb_rn" model="account.tax.group">
    <field name="country_id" ref="base.ar"/>
  </record>
  <record id="tax_group_percepcion_iibb_rr" model="account.tax.group">
    <field name="country_id" ref="base.ar"/>
  </record>
  <record id="tax_group_percepcion_iibb_sa" model="account.tax.group">
    <field name="country_id" ref="base.ar"/>
  </record>
  <record id="tax_group_percepcion_iibb_se" model="account.tax.group">
    <field name="country_id" ref="base.ar"/>
  </record>
  <record id="tax_group_percepcion_iibb_sf" model="account.tax.group">
    <field name="country_id" ref="base.ar"/>
  </record>
  <record id="tax_group_percepcion_iibb_sl" model="account.tax.group">
    <field name="country_id" ref="base.ar"/>
  </record>
  <record id="tax_group_percepcion_iibb_tf" model="account.tax.group">
    <field name="country_id" ref="base.ar"/>
  </record>
  <record id="tax_group_percepcion_iibb_tn" model="account.tax.group">
    <field name="country_id" ref="base.ar"/>
  </record>
  <record id="tax_group_percepcion_iibb_za" model="account.tax.group">
    <field name="country_id" ref="base.ar"/>
  </record>
  <record id="tax_group_percepcion_iva" model="account.tax.group">
    <field name="country_id" ref="base.ar"/>
  </record>
  <record id="tax_group_percepcion_municipal" model="account.tax.group">
    <field name="country_id" ref="base.ar"/>
  </record>
  <record id="tax_impuestos_internos" model="account.tax.group">
    <field name="country_id" ref="base.ar"/>
  </record>
</odoo>
