<?xml version='1.0' encoding='utf-8'?>
<odoo>
  <record id="tax_group_isr_ret_10" model="account.tax.group">
    <field name="country_id" ref="base.mx"/>
  </record>
  <record id="tax_group_iva_0" model="account.tax.group">
    <field name="country_id" ref="base.mx"/>
  </record>
  <record id="tax_group_iva_16" model="account.tax.group">
    <field name="country_id" ref="base.mx"/>
  </record>
  <record id="tax_group_iva_8" model="account.tax.group">
    <field name="country_id" ref="base.mx"/>
  </record>
  <record id="tax_group_iva_ret_10" model="account.tax.group">
    <field name="country_id" ref="base.mx"/>
  </record>
  <record id="tax_group_iva_ret_1067" model="account.tax.group">
    <field name="country_id" ref="base.mx"/>
  </record>
  <record id="tax_group_iva_ret_4" model="account.tax.group">
    <field name="country_id" ref="base.mx"/>
  </record>
</odoo>
