<?xml version='1.0' encoding='utf-8'?>
<odoo>
  <record id="payment.payment_acquirer_stripe" model="payment.acquirer">
<!--    <field name="company_id"/>-->
    <field name="image_128" type="base64" file="payment_stripe/static/src/img/stripe_icon.png"/>
<!--    <field name="name"/>-->
    <field name="allow_tokenization">True</field>
    <field name="support_authorization">False</field>
    <field name="support_fees_computation">False</field>
<!--    <field name="support_refund"/>-->
    <field name="support_tokenization">True</field>
  </record>
</odoo>
