<?xml version='1.0' encoding='utf-8'?>
<odoo>
  <record id="sms_template_data_event_registration" model="sms.template">
    <field name="body">{{ object.event_id.organizer_id.name or object.event_id.company_id.name or user.env.company.name }}: We are happy to confirm your registration for the {{ object.event_id.name }} event.</field>
    <field name="lang">{{ object.partner_id.lang }}</field>
  </record>
  <record id="sms_template_data_event_reminder" model="sms.template">
    <field name="body">{{ object.event_id.organizer_id.name or object.event_id.company_id.name or user.env.company.name }}: We are excited to remind you that the {{ object.event_id.name }} event is starting {{ object.get_date_range_str() }}. We confirm your registration and hope to meet you there.</field>
    <field name="lang">{{ object.partner_id.lang }}</field>
  </record>
</odoo>
