<?xml version='1.0' encoding='utf-8'?>
<odoo>
  <record id="compiva0" model="account.tax.template">
    <field name="invoice_repartition_line_ids" eval="[(5, 0, 0),                 (0,0, {                     'factor_percent': 100,                     'repartition_type': 'base',                     'plus_report_line_ids': [ref('tax_report_pt_base_despesas_faturas_isento')],                 }),                  (0,0, {                     'factor_percent': 100,                     'repartition_type': 'tax',                     'plus_report_line_ids': [ref('tax_report_pt_tax_despesas_faturas_isento')],                     'account_id': ref('chart_2432'),                 }),             ]"/>
    <field name="refund_repartition_line_ids" eval="[(5, 0, 0),                 (0,0, {                     'factor_percent': 100,                     'repartition_type': 'base',                     'plus_report_line_ids': [ref('tax_report_pt_base_despesas_notas_credito_isento')],                 }),                  (0,0, {                     'factor_percent': 100,                     'repartition_type': 'tax',                     'plus_report_line_ids': [ref('tax_report_pt_tax_despesas_notas_credito_isento')],                     'account_id': ref('chart_2432'),                 }),             ]"/>
  </record>
  <record id="compiva13" model="account.tax.template">
    <field name="invoice_repartition_line_ids" eval="[(5, 0, 0),                 (0,0, {                     'factor_percent': 100,                     'repartition_type': 'base',                     'plus_report_line_ids': [ref('tax_report_pt_base_despesas_faturas_intermedia')],                 }),                  (0,0, {                     'factor_percent': 100,                     'repartition_type': 'tax',                     'plus_report_line_ids': [ref('tax_report_pt_tax_despesas_faturas_intermedia')],                     'account_id': ref('chart_2432'),                 }),             ]"/>
    <field name="refund_repartition_line_ids" eval="[(5, 0, 0),                 (0,0, {                     'factor_percent': 100,                     'repartition_type': 'base',                     'plus_report_line_ids': [ref('tax_report_pt_base_despesas_notas_credito_intermedia')],                 }),                  (0,0, {                     'factor_percent': 100,                     'repartition_type': 'tax',                     'plus_report_line_ids': [ref('tax_report_pt_tax_despesas_notas_credito_intermedia')],                     'account_id': ref('chart_2432'),                 }),             ]"/>
  </record>
  <record id="compiva23" model="account.tax.template">
    <field name="invoice_repartition_line_ids" eval="[(5, 0, 0),                 (0,0, {                     'factor_percent': 100,                     'repartition_type': 'base',                     'plus_report_line_ids': [ref('tax_report_pt_base_despesas_faturas_normal')],                 }),                  (0,0, {                     'factor_percent': 100,                     'repartition_type': 'tax',                     'plus_report_line_ids': [ref('tax_report_pt_tax_despesas_faturas_normal')],                     'account_id': ref('chart_2432'),                 }),             ]"/>
    <field name="refund_repartition_line_ids" eval="[(5, 0, 0),                 (0,0, {                     'factor_percent': 100,                     'repartition_type': 'base',                     'plus_report_line_ids': [ref('tax_report_pt_base_despesas_notas_credito_normal')],                 }),                  (0,0, {                     'factor_percent': 100,                     'repartition_type': 'tax',                     'plus_report_line_ids': [ref('tax_report_pt_tax_despesas_notas_credito_normal')],                     'account_id': ref('chart_2432'),                 }),             ]"/>
  </record>
  <record id="compiva6" model="account.tax.template">
    <field name="invoice_repartition_line_ids" eval="[(5, 0, 0),                 (0,0, {                     'factor_percent': 100,                     'repartition_type': 'base',                     'plus_report_line_ids': [ref('tax_report_pt_base_despesas_faturas_reduzida')],                 }),                  (0,0, {                     'factor_percent': 100,                     'repartition_type': 'tax',                     'plus_report_line_ids': [ref('tax_report_pt_tax_despesas_faturas_reduzida')],                     'account_id': ref('chart_2432'),                 }),             ]"/>
    <field name="refund_repartition_line_ids" eval="[(5, 0, 0),                 (0,0, {                     'factor_percent': 100,                     'repartition_type': 'base',                     'plus_report_line_ids': [ref('tax_report_pt_base_despesas_notas_credito_reduzida')],                 }),                  (0,0, {                     'factor_percent': 100,                     'repartition_type': 'tax',                     'plus_report_line_ids': [ref('tax_report_pt_tax_despesas_notas_credito_reduzida')],                     'account_id': ref('chart_2432'),                 }),             ]"/>
  </record>
  <record id="iva0" model="account.tax.template">
    <field name="invoice_repartition_line_ids" eval="[(5, 0, 0),                 (0,0, {                     'factor_percent': 100,                     'repartition_type': 'base',                     'plus_report_line_ids': [ref('tax_report_pt_base_vendas_faturas_isento')],                 }),                  (0,0, {                     'factor_percent': 100,                     'repartition_type': 'tax',                     'plus_report_line_ids': [ref('tax_report_pt_tax_vendas_faturas_isento')],                     'account_id': ref('chart_2433'),                 }),             ]"/>
    <field name="refund_repartition_line_ids" eval="[(5, 0, 0),                 (0,0, {                     'factor_percent': 100,                     'repartition_type': 'base',                     'plus_report_line_ids': [ref('tax_report_pt_base_vendas_notas_credito_isento')],                 }),                  (0,0, {                     'factor_percent': 100,                     'repartition_type': 'tax',                     'plus_report_line_ids': [ref('tax_report_pt_tax_vendas_notas_credito_isento')],                     'account_id': ref('chart_2433'),                 }),             ]"/>
  </record>
  <record id="iva13" model="account.tax.template">
    <field name="invoice_repartition_line_ids" eval="[(5, 0, 0),                 (0,0, {                     'factor_percent': 100,                     'repartition_type': 'base',                     'plus_report_line_ids': [ref('tax_report_pt_base_vendas_faturas_intermedia')],                 }),                  (0,0, {                     'factor_percent': 100,                     'repartition_type': 'tax',                     'plus_report_line_ids': [ref('tax_report_pt_tax_vendas_faturas_intermedia')],                     'account_id': ref('chart_2433'),                 }),             ]"/>
    <field name="refund_repartition_line_ids" eval="[(5, 0, 0),                 (0,0, {                     'factor_percent': 100,                     'repartition_type': 'base',                     'plus_report_line_ids': [ref('tax_report_pt_base_vendas_notas_credito_intermedia')],                 }),                  (0,0, {                     'factor_percent': 100,                     'repartition_type': 'tax',                     'plus_report_line_ids': [ref('tax_report_pt_tax_vendas_notas_credito_intermedia')],                     'account_id': ref('chart_2433'),                 }),             ]"/>
  </record>
  <record id="iva23" model="account.tax.template">
    <field name="invoice_repartition_line_ids" eval="[(5, 0, 0),                 (0,0, {                     'factor_percent': 100,                     'repartition_type': 'base',                     'plus_report_line_ids': [ref('tax_report_pt_base_vendas_faturas_normal')],                 }),                  (0,0, {                     'factor_percent': 100,                     'repartition_type': 'tax',                     'plus_report_line_ids': [ref('tax_report_pt_tax_vendas_faturas_normal')],                     'account_id': ref('chart_2433'),                 }),             ]"/>
    <field name="refund_repartition_line_ids" eval="[(5, 0, 0),                 (0,0, {                     'factor_percent': 100,                     'repartition_type': 'base',                     'plus_report_line_ids': [ref('tax_report_pt_base_vendas_notas_credito_normal')],                 }),                  (0,0, {                     'factor_percent': 100,                     'repartition_type': 'tax',                     'plus_report_line_ids': [ref('tax_report_pt_tax_vendas_notas_credito_normal')],                     'account_id': ref('chart_2433'),                 }),             ]"/>
  </record>
  <record id="iva6" model="account.tax.template">
    <field name="invoice_repartition_line_ids" eval="[(5, 0, 0),                 (0,0, {                     'factor_percent': 100,                     'repartition_type': 'base',                     'plus_report_line_ids': [ref('tax_report_pt_base_vendas_faturas_reduzida')],                 }),                  (0,0, {                     'factor_percent': 100,                     'repartition_type': 'tax',                     'plus_report_line_ids': [ref('tax_report_pt_tax_vendas_faturas_reduzida')],                     'account_id': ref('chart_2433'),                 }),             ]"/>
    <field name="refund_repartition_line_ids" eval="[(5, 0, 0),                 (0,0, {                     'factor_percent': 100,                     'repartition_type': 'base',                     'plus_report_line_ids': [ref('tax_report_pt_base_vendas_notas_credito_reduzida')],                 }),                  (0,0, {                     'factor_percent': 100,                     'repartition_type': 'tax',                     'plus_report_line_ids': [ref('tax_report_pt_tax_vendas_notas_credito_reduzida')],                     'account_id': ref('chart_2433'),                 }),             ]"/>
  </record>
  <record id="tax_group_iva_0" model="account.tax.group">
    <field name="country_id" ref="base.pt"/>
  </record>
  <record id="tax_group_iva_13" model="account.tax.group">
    <field name="country_id" ref="base.pt"/>
  </record>
  <record id="tax_group_iva_23" model="account.tax.group">
    <field name="country_id" ref="base.pt"/>
  </record>
  <record id="tax_group_iva_6" model="account.tax.group">
    <field name="country_id" ref="base.pt"/>
  </record>
</odoo>
