<?xml version='1.0' encoding='utf-8'?>
<odoo>
  <record id="holiday_status_cl" model="hr.leave.type">
    <field name="allocation_validation_type">officer</field>
    <!--<field name="color_name"/>-->
    <field name="color">2</field>
    <field name="employee_requests">no</field>
    <field name="icon_id" ref="hr_holidays.icon_14"/>
    <field name="requires_allocation">yes</field>
  </record>
  <record id="holiday_status_comp" model="hr.leave.type">
    <field name="allocation_validation_type">officer</field>
    <!--<field name="color_name"/>-->
    <field name="color">4</field>
    <field name="employee_requests">yes</field>
    <field name="icon_id" ref="hr_holidays.icon_4"/>
    <field name="requires_allocation">yes</field>
  </record>
  <record id="holiday_status_sl" model="hr.leave.type">
    <field name="color">3</field>
    <field name="icon_id" ref="hr_holidays.icon_21"/>
    <field name="requires_allocation">no</field>
    <field name="support_document">True</field>
  </record>
  <record id="holiday_status_unpaid" model="hr.leave.type">
    <field name="allocation_validation_type">officer</field>
    <!--<field name="color_name"/>-->
    <field name="color">5</field>
    <field name="icon_id" ref="hr_holidays.icon_28"/>
    <field name="requires_allocation">no</field>
  </record>
  <record id="hr_leave_allocation_rule_employee_update" model="ir.rule">
    <field name="domain_force">[
            ('holiday_status_id.requires_allocation', '=', 'yes'),
            ('holiday_status_id.employee_requests', '=', 'yes'),
            ('holiday_type', '=', 'employee'),
            '|',
                '&amp;',
                    ('employee_id.user_id', '=', user.id),
                    ('state', '!=', 'validate'),
                '&amp;',
                    ('validation_type', 'in', ['officer', 'set']),
                    ('employee_id.leave_manager_id', '=', user.id),
        ]</field>
  </record>
  <record id="hr_leave_rule_employee_unlink" model="ir.rule">
    <field name="domain_force">[('employee_id.user_id', '=', user.id), ('state', 'in', ['draft', 'confirm'])]</field>
    <field name="perm_unlink" eval="True"/>
  </record>
  <record id="mail_act_leave_allocation_approval" model="mail.activity.type">
    <field name="res_model">hr.leave.allocation</field>
  </record>
  <record id="mail_act_leave_allocation_second_approval" model="mail.activity.type">
    <field name="res_model">hr.leave.allocation</field>
  </record>
  <record id="mail_act_leave_approval" model="mail.activity.type">
    <field name="res_model">hr.leave</field>
  </record>
  <record id="mail_act_leave_second_approval" model="mail.activity.type">
    <field name="res_model">hr.leave</field>
  </record>
</odoo>
