<?xml version='1.0' encoding='utf-8'?>
<odoo>
  <record id="tax_group_1" model="account.tax.group">
    <field name="country_id" ref="base.th"/>
  </record>
  <record id="tax_group_2" model="account.tax.group">
    <field name="country_id" ref="base.th"/>
  </record>
  <record id="tax_group_3" model="account.tax.group">
    <field name="country_id" ref="base.th"/>
  </record>
  <record id="tax_group_5" model="account.tax.group">
    <field name="country_id" ref="base.th"/>
  </record>
  <record id="tax_group_vat_7" model="account.tax.group">
    <field name="country_id" ref="base.th"/>
  </record>
</odoo>
