<?xml version='1.0' encoding='utf-8'?>
<odoo>
  <record id="tax_group_0" model="account.tax.group">
    <field name="country_id" ref="base.fi"/>
  </record>
  <record id="tax_group_10" model="account.tax.group">
    <field name="country_id" ref="base.fi"/>
  </record>
  <record id="tax_group_14" model="account.tax.group">
    <field name="country_id" ref="base.fi"/>
  </record>
  <record id="tax_group_24" model="account.tax.group">
    <field name="country_id" ref="base.fi"/>
  </record>
</odoo>
