<?xml version='1.0' encoding='utf-8'?>
<odoo>
  <record id="tax_group_tva_0" model="account.tax.group">
    <field name="country_id" ref="base.fr"/>
  </record>
  <record id="tax_group_tva_10" model="account.tax.group">
    <field name="country_id" ref="base.fr"/>
  </record>
  <record id="tax_group_tva_20" model="account.tax.group">
    <field name="country_id" ref="base.fr"/>
  </record>
  <record id="tax_group_tva_21" model="account.tax.group">
    <field name="country_id" ref="base.fr"/>
  </record>
  <record id="tax_group_tva_55" model="account.tax.group">
    <field name="country_id" ref="base.fr"/>
  </record>
  <record id="tax_group_tva_85" model="account.tax.group">
    <field name="country_id" ref="base.fr"/>
  </record>
</odoo>
