<?xml version='1.0' encoding='utf-8'?>
<odoo>
  <record id="AED" model="res.currency">
    <field name="full_name">United Arab Emirates dirham</field>
  </record>
  <record id="AFN" model="res.currency">
    <field name="full_name">Afghan afghani</field>
  </record>
  <record id="ALL" model="res.currency">
    <field name="full_name">Albanian lek</field>
  </record>
  <record id="AMD" model="res.currency">
    <field name="full_name">Armenian dram</field>
  </record>
  <record id="ANG" model="res.currency">
    <field name="full_name">Netherlands Antillean guilder</field>
  </record>
  <record id="AOA" model="res.currency">
    <field name="full_name">Angolan kwanza</field>
  </record>
  <record id="ARS" model="res.currency">
    <field name="full_name">Argentine peso</field>
  </record>
  <record id="AUD" model="res.currency">
    <field name="full_name">Australian dollar</field>
  </record>
  <record id="AWG" model="res.currency">
    <field name="full_name">Aruban florin</field>
  </record>
  <record id="AZN" model="res.currency">
    <field name="full_name">Azerbaijani manat</field>
  </record>
  <record id="BAM" model="res.currency">
    <field name="full_name">Bosnia and Herzegovina convertible mark</field>
  </record>
  <record id="BBD" model="res.currency">
    <field name="full_name">Barbados dollar</field>
  </record>
  <record id="BDT" model="res.currency">
    <field name="full_name">Bangladeshi taka</field>
  </record>
  <record id="BGN" model="res.currency">
    <field name="full_name">Bulgarian lev</field>
  </record>
  <record id="BHD" model="res.currency">
    <field name="full_name">Bahraini dinar</field>
  </record>
  <record id="BIF" model="res.currency">
    <field name="rounding">1</field>
    <field name="full_name">Burundian franc</field>
  </record>
  <record id="BMD" model="res.currency">
    <field name="full_name">Bermudian dollar</field>
  </record>
  <record id="BND" model="res.currency">
    <field name="full_name">Brunei dollar</field>
  </record>
  <record id="BOB" model="res.currency">
    <field name="full_name">Boliviano</field>
  </record>
  <record id="BRL" model="res.currency">
    <field name="full_name">Brazilian real</field>
  </record>
  <record id="BSD" model="res.currency">
    <field name="full_name">Bahamian dollar</field>
  </record>
  <record id="BTN" model="res.currency">
    <field name="full_name">Bhutanese ngultrum</field>
  </record>
  <record id="BWP" model="res.currency">
    <field name="full_name">Botswana pula</field>
  </record>
  <record id="BYN" model="res.currency">
    <field name="full_name">Belarusian ruble</field>
  </record>
  <record id="BYR" model="res.currency">
    <field name="rounding">1</field>
    <field name="full_name">Belarusian ruble</field>
  </record>
  <record id="BZD" model="res.currency">
    <field name="full_name">Belize dollar</field>
  </record>
  <record id="CAD" model="res.currency">
    <field name="full_name">Canadian dollar</field>
  </record>
  <record id="CDF" model="res.currency">
    <field name="full_name">Congolese franc</field>
  </record>
  <record id="CHF" model="res.currency">
    <field name="full_name">Swiss franc</field>
    <field name="position">before</field>
  </record>
  <record id="CLP" model="res.currency">
    <field name="full_name">Chilean peso</field>
  </record>
  <record id="CNY" model="res.currency">
    <field name="full_name">Chinese yuan</field>
  </record>
  <record id="COP" model="res.currency">
    <field name="full_name">Colombian peso</field>
  </record>
  <record id="CRC" model="res.currency">
    <field name="full_name">Costa Rican colón</field>
  </record>
  <record id="CUP" model="res.currency">
    <field name="full_name">Cuban peso</field>
  </record>
  <record id="CVE" model="res.currency">
    <field name="full_name">Cape Verdean escudo</field>
  </record>
  <record id="CZK" model="res.currency">
    <field name="full_name">Czech koruna</field>
  </record>
  <record id="DJF" model="res.currency">
    <field name="rounding">1</field>
    <field name="full_name">Djiboutian franc</field>
  </record>
  <record id="DKK" model="res.currency">
    <field name="full_name">Danish krone</field>
  </record>
  <record id="DOP" model="res.currency">
    <field name="full_name">Dominican peso</field>
  </record>
  <record id="DZD" model="res.currency">
    <field name="full_name">Algerian dinar</field>
  </record>
  <record id="EGP" model="res.currency">
    <field name="full_name">Egyptian pound</field>
  </record>
  <record id="ERN" model="res.currency">
    <field name="full_name">Eritrean nakfa</field>
  </record>
  <record id="ETB" model="res.currency">
    <field name="full_name">Ethiopian birr</field>
  </record>
  <record id="EUR" model="res.currency">
    <field name="full_name">Euro</field>
  </record>
  <record id="FJD" model="res.currency">
    <field name="full_name">Fiji dollar</field>
  </record>
  <record id="FKP" model="res.currency">
    <field name="full_name">Falkland Islands pound</field>
  </record>
  <record id="GBP" model="res.currency">
    <field name="full_name">Pound sterling</field>
  </record>
  <record id="GEL" model="res.currency">
    <field name="full_name">Georgian lari</field>
  </record>
  <record id="GHS" model="res.currency">
    <field name="full_name">Ghanaian cedi</field>
  </record>
  <record id="GIP" model="res.currency">
    <field name="full_name">Gibraltar pound</field>
  </record>
  <record id="GMD" model="res.currency">
    <field name="full_name">Gambian dalasi</field>
  </record>
  <record id="GNF" model="res.currency">
    <field name="rounding">1</field>
    <field name="full_name">Guinean franc</field>
  </record>
  <record id="GTQ" model="res.currency">
    <field name="currency_unit_label">Quetzales</field>
    <field name="full_name">Guatemalan Quetzal</field>
  </record>
  <record id="GYD" model="res.currency">
    <field name="full_name">Guyanese dollar</field>
  </record>
  <record id="HKD" model="res.currency">
    <field name="full_name">Hong Kong dollar</field>
    <field name="position">before</field>
  </record>
  <record id="HNL" model="res.currency">
    <field name="full_name">Honduran lempira</field>
  </record>
  <record id="HRK" model="res.currency">
    <field name="full_name">Croatian kuna</field>
  </record>
  <record id="HTG" model="res.currency">
    <field name="full_name">Haitian gourde</field>
  </record>
  <record id="HUF" model="res.currency">
    <field name="rounding">0.01</field>
    <field name="full_name">Hungarian forint</field>
  </record>
  <record id="IDR" model="res.currency">
    <field name="rounding">0.01</field>
    <field name="full_name">Indonesian rupiah</field>
  </record>
  <record id="ILS" model="res.currency">
    <field name="full_name">Israeli new shekel</field>
    <field name="position">before</field>
  </record>
  <record id="INR" model="res.currency">
    <field name="full_name">Indian rupee</field>
  </record>
  <record id="IQD" model="res.currency">
    <field name="full_name">Iraqi dinar</field>
  </record>
  <record id="IRR" model="res.currency">
    <field name="full_name">Iranian rial</field>
  </record>
  <record id="ISK" model="res.currency">
    <field name="rounding">1</field>
    <field name="full_name">Icelandic króna</field>
  </record>
  <record id="JMD" model="res.currency">
    <field name="full_name">Jamaican dollar</field>
  </record>
  <record id="JOD" model="res.currency">
    <field name="full_name">Jordanian dinar</field>
  </record>
  <record id="JPY" model="res.currency">
    <field name="full_name">Japanese yen</field>
  </record>
  <record id="KES" model="res.currency">
    <field name="full_name">Kenyan shilling</field>
  </record>
  <record id="KGS" model="res.currency">
    <field name="full_name">Kyrgyzstani som</field>
  </record>
  <record id="KHR" model="res.currency">
    <field name="full_name">Cambodian riel</field>
  </record>
  <record id="KMF" model="res.currency">
    <field name="rounding">1</field>
    <field name="full_name">Comorian franc</field>
  </record>
  <record id="KPW" model="res.currency">
    <field name="full_name">North Korean won</field>
  </record>
  <record id="KRW" model="res.currency">
    <field name="rounding">1</field>
    <field name="full_name">South Korean won</field>
    <field name="position">before</field>
  </record>
  <record id="KWD" model="res.currency">
    <field name="full_name">Kuwaiti dinar</field>
  </record>
  <record id="KYD" model="res.currency">
    <field name="full_name">Cayman Islands dollar</field>
  </record>
  <record id="KZT" model="res.currency">
    <field name="full_name">Kazakhstani tenge</field>
  </record>
  <record id="LAK" model="res.currency">
    <field name="full_name">Lao kip</field>
  </record>
  <record id="LBP" model="res.currency">
    <field name="full_name">Lebanese pound</field>
  </record>
  <record id="LKR" model="res.currency">
    <field name="full_name">Sri Lankan rupee</field>
  </record>
  <record id="LRD" model="res.currency">
    <field name="full_name">Liberian dollar</field>
  </record>
  <record id="LSL" model="res.currency">
    <field name="full_name">Lesotho loti</field>
  </record>
  <record id="LTL" model="res.currency">
    <field name="full_name">Lithuanian litas</field>
  </record>
  <record id="LVL" model="res.currency">
    <field name="full_name">Latvian lats</field>
  </record>
  <record id="LYD" model="res.currency">
    <field name="full_name">Libyan dinar</field>
  </record>
  <record id="MAD" model="res.currency">
    <field name="full_name">Moroccan dirham</field>
  </record>
  <record id="MDL" model="res.currency">
    <field name="full_name">Moldovan leu</field>
  </record>
  <record id="MGA" model="res.currency">
    <field name="full_name">Malagasy ariary</field>
  </record>
  <record id="MKD" model="res.currency">
    <field name="full_name">Macedonian denar</field>
  </record>
  <record id="MMK" model="res.currency">
    <field name="full_name">Myanmar kyat</field>
  </record>
  <record id="MNT" model="res.currency">
    <field name="full_name">Mongolian tögrög</field>
  </record>
  <record id="MOP" model="res.currency">
    <field name="full_name">Macanese pataca</field>
  </record>
  <record id="MRO" model="res.currency">
    <field name="full_name">Mauritanian ouguiya (old)</field>
  </record>
  <record id="MRU" model="res.currency">
    <field name="full_name">Mauritanian ouguiya</field>
  </record>
  <record id="MUR" model="res.currency">
    <field name="full_name">Mauritian rupee</field>
  </record>
  <record id="MVR" model="res.currency">
    <field name="full_name">Maldivian rufiyaa</field>
  </record>
  <record id="MWK" model="res.currency">
    <field name="full_name">Malawian kwacha</field>
  </record>
  <record id="MXN" model="res.currency">
    <field name="full_name">Mexican peso</field>
  </record>
  <record id="MYR" model="res.currency">
    <field name="full_name">Malaysian ringgit</field>
    <field name="position">before</field>
  </record>
  <record id="MZN" model="res.currency">
    <field name="full_name">Mozambican metical</field>
  </record>
  <record id="NAD" model="res.currency">
    <field name="full_name">Namibian dollar</field>
  </record>
  <record id="NGN" model="res.currency">
    <field name="full_name">Nigerian naira</field>
  </record>
  <record id="NIO" model="res.currency">
    <field name="full_name">Nicaraguan córdoba</field>
  </record>
  <record id="NOK" model="res.currency">
    <field name="full_name">Norwegian krone</field>
  </record>
  <record id="NPR" model="res.currency">
    <field name="full_name">Nepalese rupee</field>
  </record>
  <record id="NZD" model="res.currency">
    <field name="full_name">New Zealand dollar</field>
  </record>
  <record id="OMR" model="res.currency">
    <field name="full_name">Omani rial</field>
  </record>
  <record id="PAB" model="res.currency">
    <field name="full_name">Panamanian balboa</field>
  </record>
  <record id="PEN" model="res.currency">
    <field name="full_name">Peruvian sol</field>
  </record>
  <record id="PGK" model="res.currency">
    <field name="full_name">Papua New Guinean kina</field>
  </record>
  <record id="PHP" model="res.currency">
    <field name="symbol">₱</field>
    <field name="full_name">Philippine peso</field>
  </record>
  <record id="PKR" model="res.currency">
    <field name="full_name">Pakistani rupee</field>
  </record>
  <record id="PLN" model="res.currency">
    <field name="full_name">Polish złoty</field>
  </record>
  <record id="PYG" model="res.currency">
    <field name="rounding">1</field>
    <field name="full_name">Paraguayan guaraní</field>
  </record>
  <record id="QAR" model="res.currency">
    <field name="full_name">Qatari riyal</field>
  </record>
  <record id="RON" model="res.currency">
    <field name="full_name">Romanian leu</field>
  </record>
  <record id="RSD" model="res.currency">
    <field name="full_name">Serbian dinar</field>
  </record>
  <record id="RUB" model="res.currency">
    <field name="full_name">Russian ruble</field>
  </record>
  <record id="RWF" model="res.currency">
    <field name="rounding">1</field>
    <field name="full_name">Rwandan franc</field>
  </record>
  <record id="SAR" model="res.currency">
    <field name="full_name">Saudi riyal</field>
  </record>
  <record id="SBD" model="res.currency">
    <field name="full_name">Solomon Islands dollar</field>
  </record>
  <record id="SCR" model="res.currency">
    <field name="full_name">Seychellois rupee</field>
  </record>
  <record id="SDG" model="res.currency">
    <field name="full_name">Sudanese pound</field>
  </record>
  <record id="SEK" model="res.currency">
    <field name="full_name">Swedish krona</field>
  </record>
  <record id="SGD" model="res.currency">
    <field name="full_name">Singapore dollar</field>
  </record>
  <record id="SHP" model="res.currency">
    <field name="full_name">Saint Helena pound</field>
  </record>
  <record id="SLL" model="res.currency">
    <field name="full_name">Sierra Leonean leone</field>
  </record>
  <record id="SRD" model="res.currency">
    <field name="full_name">Surinamese dollar</field>
  </record>
  <record id="SSP" model="res.currency">
    <field name="full_name">South Sudanese pound</field>
  </record>
  <record id="STD" model="res.currency">
    <field name="full_name">São Tomé and Príncipe dobra</field>
  </record>
  <record id="SVC" model="res.currency">
    <field name="full_name">Salvadoran Colon</field>
  </record>
  <record id="SYP" model="res.currency">
    <field name="full_name">Syrian pound</field>
  </record>
  <record id="SZL" model="res.currency">
    <field name="full_name">Swazi lilangeni</field>
  </record>
  <record id="THB" model="res.currency">
    <field name="full_name">Thai baht</field>
  </record>
  <record id="TJS" model="res.currency">
    <field name="full_name">Tajikistani somoni</field>
  </record>
  <record id="TMT" model="res.currency">
    <field name="full_name">Turkmenistan manat</field>
  </record>
  <record id="TND" model="res.currency">
    <field name="full_name">Tunisian dinar</field>
  </record>
  <record id="TOP" model="res.currency">
    <field name="full_name">Tongan paʻanga</field>
  </record>
  <record id="TRY" model="res.currency">
    <field name="full_name">Turkish lira</field>
  </record>
  <record id="TTD" model="res.currency">
    <field name="full_name">Trinidad and Tobago dollar</field>
  </record>
  <record id="TWD" model="res.currency">
    <field name="rounding">1.00</field>
    <field name="full_name">New Taiwan dollar</field>
  </record>
  <record id="TZS" model="res.currency">
    <field name="full_name">Tanzanian shilling</field>
  </record>
  <record id="UAH" model="res.currency">
    <field name="full_name">Ukraine Hryvnia</field>
  </record>
  <record id="UGX" model="res.currency">
    <field name="full_name">Ugandan shilling</field>
  </record>
  <record id="USD" model="res.currency">
    <field name="full_name">United States dollar</field>
  </record>
  <record id="UYU" model="res.currency">
    <field name="full_name">Uruguayan peso</field>
  </record>
  <record id="UZS" model="res.currency">
    <field name="full_name">Uzbekistan som</field>
  </record>
  <record id="VEF" model="res.currency">
    <field name="rounding">0.01</field>
    <field name="full_name">Venezuelan bolívar fuerte</field>
  </record>
  <record id="VND" model="res.currency">
    <field name="full_name">Vietnamese đồng</field>
  </record>
  <record id="VUV" model="res.currency">
    <field name="rounding">1</field>
    <field name="full_name">Vanuatu vatu</field>
  </record>
  <record id="WST" model="res.currency">
    <field name="full_name">Samoan tālā</field>
  </record>
  <record id="XAF" model="res.currency">
    <field name="full_name">CFA franc BEAC</field>
  </record>
  <record id="XCD" model="res.currency">
    <field name="full_name">East Caribbean dollar</field>
  </record>
  <record id="XOF" model="res.currency">
    <field name="full_name">CFA franc BCEAO</field>
  </record>
  <record id="XPF" model="res.currency">
    <field name="full_name">CFP franc</field>
  </record>
  <record id="YER" model="res.currency">
    <field name="full_name">Yemeni rial</field>
  </record>
  <record id="ZAR" model="res.currency">
    <field name="full_name">South African rand</field>
  </record>
  <record id="ZMW" model="res.currency">
    <field name="full_name">Zambian kwacha</field>
  </record>
  <record id="ZWL" model="res.currency">
    <field name="full_name">Zimbabwean dollar</field>
  </record>
<!--
  <record id="api_key_admin" model="ir.rule">
    <field name="groups" eval="[Command.link(ref('base.group_system'))]"/>
  </record>
  <record id="api_key_public" model="ir.rule">
    <field name="groups" eval="[Command.link(ref('base.group_public'))]"/>
  </record>
  <record id="api_key_user" model="ir.rule">
    <field name="groups" eval="[                 Command.link(ref('base.group_portal')),                 Command.link(ref('base.group_user')),             ]"/>
  </record>
-->
  <record id="cy" model="res.country">
    <field name="currency_id" ref="EUR"/>
  </record>
<!--
  <record id="default_user" model="res.users">
    <field name="groups_id" eval="[Command.link(ref('base.group_partner_manager')), Command.link(ref('base.group_allow_export'))]"/>
  </record>
-->
  <record id="ec" model="res.country">
    <field name="vat_label">RUC</field>
  </record>
  <record id="europe" model="res.country.group">
    <field name="country_ids" eval="[Command.set([                 ref('at'),ref('be'),ref('bg'),ref('hr'),ref('cy'),                 ref('cz'),ref('dk'),ref('ee'),ref('fi'),ref('fr'),                 ref('de'),ref('gr'),ref('hu'),ref('ie'),ref('it'),                 ref('lv'),ref('lt'),ref('lu'),ref('mt'),ref('nl'),                 ref('pl'),ref('pt'),ref('ro'),ref('sk'),ref('si'),                 ref('es'),ref('se')])]"/>
  </record>
<!--
  <record id="ir_default_system_rule" model="ir.rule">
    <field name="groups" eval="[Command.link(ref('base.group_system'))]"/>
  </record>
  <record id="ir_default_user_rule" model="ir.rule">
    <field name="groups" eval="[Command.link(ref('base.group_user'))]"/>
  </record>
  <record id="ir_filters_admin_all_rights_rule" model="ir.rule">
    <field name="groups" eval="[Command.link(ref('base.group_erp_manager'))]"/>
  </record>
  <record id="ir_filters_delete_own_rule" model="ir.rule">
    <field name="groups" eval="[Command.link(ref('base.group_user'))]"/>
  </record>
  <record id="ir_filters_employee_rule" model="ir.rule">
    <field name="groups" eval="[Command.link(ref('base.group_user'))]"/>
  </record>
  <record id="ir_filters_portal_public_rule" model="ir.rule">
    <field name="groups" eval="[Command.link(ref('base.group_portal')), Command.link(ref('base.group_public'))]"/>
  </record>
-->
  <record id="paperformat_batch_deposit" model="report.paperformat">
    <field name="header_spacing">15</field>
    <field name="margin_bottom">30</field>
  </record>
<!--
  <record id="partner_admin" model="res.partner">
    <field name="image_1920" type="base64" file="base/static/img/avatar_grey.png"/>
  </record>
  <record id="public_user" model="res.users">
    <field name="groups_id" eval="[Command.link(ref('base.group_public'))]"/>
  </record>
  <record id="res_company_rule_employee" model="ir.rule">
    <field name="groups" eval="[Command.set([ref('base.group_user')])]"/>
  </record>
  <record id="res_company_rule_erp_manager" model="ir.rule">
    <field name="groups" eval="[Command.set([ref('base.group_erp_manager')])]"/>
  </record>
  <record id="res_company_rule_portal" model="ir.rule">
    <field name="groups" eval="[Command.set([ref('base.group_portal')])]"/>
  </record>
  <record id="res_company_rule_public" model="ir.rule">
    <field name="groups" eval="[Command.set([ref('base.group_public')])]"/>
  </record>
  <record id="res_partner_portal_public_rule" model="ir.rule">
    <field name="groups" eval="[Command.link(ref('base.group_portal')), Command.link(ref('base.group_public'))]"/>
  </record>
  <record id="res_partner_rule_private_employee" model="ir.rule">
    <field name="groups" eval="[                 Command.link(ref('base.group_user')),             ]"/>
  </record>
  <record id="res_partner_rule_private_group" model="ir.rule">
    <field name="groups" eval="[                 Command.link(ref('base.group_private_addresses'))             ]"/>
  </record>
-->
  <record id="sepa_zone" model="res.country.group">
    <field name="country_ids" eval="[Command.set([                 ref('ad'),ref('at'),ref('ax'),ref('be'),ref('bg'),                 ref('bl'),ref('ch'),ref('cy'),ref('cz'),ref('de'),                 ref('dk'),ref('ee'),ref('es'),ref('fi'),ref('fr'),                 ref('uk'),ref('gf'),ref('gg'),ref('gi'),ref('gp'),                 ref('gr'),ref('hr'),ref('hu'),ref('ie'),ref('im'),                 ref('is'),ref('it'),ref('je'),ref('li'),ref('lt'),                 ref('lu'),ref('lv'),ref('mc'),ref('mf'),ref('mq'),                 ref('mt'),ref('nl'),ref('no'),ref('pl'),ref('pm'),                 ref('pt'),ref('re'),ref('ro'),ref('se'),ref('si'),                 ref('sk'),ref('sm'),ref('va'),ref('yt')])]"/>
  </record>
  <record id="sm" model="res.country">
    <field name="currency_id" ref="EUR"/>
  </record>
  <record id="so" model="res.country">
    <field name="currency_id" ref="SOS"/>
  </record>
  <record id="south_america" model="res.country.group">
    <field name="country_ids" eval="[Command.set([                 ref('ar'),ref('bo'),ref('br'),ref('cl'),ref('co'),                 ref('ec'),ref('fk'),ref('gs'),ref('gf'),ref('gy'),                 ref('py'),ref('pe'),ref('sr'),ref('uy'),ref('ve')])]"/>
  </record>
<!--
  <record id="user_admin" model="res.users">
    <field name="company_ids" eval="[Command.link(ref('main_company'))]"/>
    <field name="groups_id" eval="[Command.set([])]"/>
    <field name="image_1920" type="base64" file="base/static/img/avatar_grey.png"/>
  </record>
  <record id="user_root" model="res.users">
    <field name="company_ids" eval="[Command.link(ref('main_company'))]"/>
  </record>
-->
  <record id="es" model="res.country">
    <field eval="'%(street)s\n%(street2)s\n%(zip)s %(city)s (%(state_name)s)\n%(country_name)s'" name="address_format"/>
  </record>
</odoo>
