<?xml version='1.0' encoding='utf-8'?>
<odoo>
  <record id="tax_group_iva_0" model="account.tax.group">
    <field name="country_id" ref="base.es"/>
  </record>
  <record id="tax_group_iva_10" model="account.tax.group">
    <field name="country_id" ref="base.es"/>
  </record>
  <record id="tax_group_iva_10-5" model="account.tax.group">
    <field name="country_id" ref="base.es"/>
  </record>
  <record id="tax_group_iva_12" model="account.tax.group">
    <field name="country_id" ref="base.es"/>
  </record>
  <record id="tax_group_iva_21" model="account.tax.group">
    <field name="country_id" ref="base.es"/>
  </record>
  <record id="tax_group_iva_4" model="account.tax.group">
    <field name="country_id" ref="base.es"/>
  </record>
  <record id="tax_group_iva_5" model="account.tax.group">
    <field name="country_id" ref="base.es"/>
  </record>
  <record id="tax_group_iva_nd" model="account.tax.group">
    <field name="country_id" ref="base.es"/>
  </record>
  <record id="tax_group_recargo_0-5" model="account.tax.group">
    <field name="country_id" ref="base.es"/>
  </record>
  <record id="tax_group_recargo_1-4" model="account.tax.group">
    <field name="country_id" ref="base.es"/>
  </record>
  <record id="tax_group_recargo_5-2" model="account.tax.group">
    <field name="country_id" ref="base.es"/>
  </record>
  <record id="tax_group_retenciones_1" model="account.tax.group">
    <field name="country_id" ref="base.es"/>
  </record>
  <record id="tax_group_retenciones_15" model="account.tax.group">
    <field name="country_id" ref="base.es"/>
  </record>
  <record id="tax_group_retenciones_18" model="account.tax.group">
    <field name="country_id" ref="base.es"/>
  </record>
  <record id="tax_group_retenciones_19" model="account.tax.group">
    <field name="country_id" ref="base.es"/>
  </record>
  <record id="tax_group_retenciones_19-5" model="account.tax.group">
    <field name="country_id" ref="base.es"/>
  </record>
  <record id="tax_group_retenciones_2" model="account.tax.group">
    <field name="country_id" ref="base.es"/>
  </record>
  <record id="tax_group_retenciones_20" model="account.tax.group">
    <field name="country_id" ref="base.es"/>
  </record>
  <record id="tax_group_retenciones_21" model="account.tax.group">
    <field name="country_id" ref="base.es"/>
  </record>
  <record id="tax_group_retenciones_24" model="account.tax.group">
    <field name="country_id" ref="base.es"/>
  </record>
  <record id="tax_group_retenciones_7" model="account.tax.group">
    <field name="country_id" ref="base.es"/>
  </record>
  <record id="tax_group_retenciones_9" model="account.tax.group">
    <field name="country_id" ref="base.es"/>
  </record>
</odoo>
