<?xml version='1.0' encoding='utf-8'?>
<odoo>
  <record id="tax_group_tva_0" model="account.tax.group">
    <field name="country_id" ref="base.be"/>
  </record>
  <record id="tax_group_tva_12" model="account.tax.group">
    <field name="country_id" ref="base.be"/>
  </record>
  <record id="tax_group_tva_21" model="account.tax.group">
    <field name="country_id" ref="base.be"/>
  </record>
  <record id="tax_group_tva_6" model="account.tax.group">
    <field name="country_id" ref="base.be"/>
  </record>
</odoo>
