<?xml version='1.0' encoding='utf-8'?>
<odoo>
  <!-- We switch noupdate after regular update, so no need to load these changes again
  <record id="tax_group_det" model="account.tax.group">
    <field name="country_id" ref="base.pe"/>
  </record>
  <record id="tax_group_exo" model="account.tax.group">
    <field name="country_id" ref="base.pe"/>
  </record>
  <record id="tax_group_exp" model="account.tax.group">
    <field name="country_id" ref="base.pe"/>
  </record>
  <record id="tax_group_gra" model="account.tax.group">
    <field name="country_id" ref="base.pe"/>
  </record>
  <record id="tax_group_igv" model="account.tax.group">
    <field name="country_id" ref="base.pe"/>
  </record>
  <record id="tax_group_ina" model="account.tax.group">
    <field name="country_id" ref="base.pe"/>
  </record>
  <record id="tax_group_isc" model="account.tax.group">
    <field name="country_id" ref="base.pe"/>
  </record>
  <record id="tax_group_ivap" model="account.tax.group">
    <field name="country_id" ref="base.pe"/>
  </record>
  <record id="tax_group_other" model="account.tax.group">
    <field name="country_id" ref="base.pe"/>
  </record>
  -->
</odoo>
