<?xml version='1.0' encoding='utf-8'?>
<odoo>
  <record id="group_hr_timesheet_approver" model="res.groups">
    <field name="name">User: all timesheets</field>
  </record>
  <record id="group_hr_timesheet_user" model="res.groups">
    <field name="name">User: own timesheets only</field>
  </record>
  <record id="timesheet_line_rule_approver" model="ir.rule">
    <field name="domain_force">[
                ('project_id', '!=', False),
                '|',
                    ('project_id.privacy_visibility', '!=', 'followers'),
                    ('project_id.message_partner_ids', 'in', [user.partner_id.id])
            ]</field>
  </record>
  <record id="timesheet_line_rule_user" model="ir.rule">
    <field name="domain_force">[
                ('user_id', '=', user.id),
                ('project_id', '!=', False),
                '|', '|',
                    ('project_id.privacy_visibility', '!=', 'followers'),
                    ('project_id.message_partner_ids', 'in', [user.partner_id.id]),
                    ('task_id.message_partner_ids', 'in', [user.partner_id.id])
            ]</field>
  </record>
</odoo>
