<?xml version='1.0' encoding='utf-8'?>
<odoo>
  <record id="tax_group_0" model="account.tax.group">
    <field name="country_id" ref="base.se"/>
  </record>
  <record id="tax_group_12" model="account.tax.group">
    <field name="country_id" ref="base.se"/>
  </record>
  <record id="tax_group_25" model="account.tax.group">
    <field name="country_id" ref="base.se"/>
  </record>
  <record id="tax_group_6" model="account.tax.group">
    <field name="country_id" ref="base.se"/>
  </record>
</odoo>
