<?xml version='1.0' encoding='utf-8'?>
<odoo>
  <record id="cess_group" model="account.tax.group">
    <field name="name">CESS</field>
    <field name="country_id" ref="base.in"/>
  </record>
  <record id="cgst_group" model="account.tax.group">
    <field name="country_id" ref="base.in"/>
  </record>
  <record id="exempt_group" model="account.tax.group">
    <field name="country_id" ref="base.in"/>
  </record>
  <record id="gst_group" model="account.tax.group">
    <field name="country_id" ref="base.in"/>
  </record>
  <record id="igst_group" model="account.tax.group">
    <field name="country_id" ref="base.in"/>
  </record>
  <record id="nil_rated_group" model="account.tax.group">
    <field name="country_id" ref="base.in"/>
  </record>
  <record id="sgst_group" model="account.tax.group">
    <field name="country_id" ref="base.in"/>
  </record>
  <record id="uom.product_uom_millimeter" model="uom.uom">
    <field name="l10n_in_code">MLT-MILILITRE</field>
  </record>
  <record id="uom.uom_square_foot" model="uom.uom">
    <field name="l10n_in_code">OTH-OTHERS</field>
  </record>
  <record id="uom.uom_square_meter" model="uom.uom">
    <field name="l10n_in_code">SQM-SQUARE METERS</field>
  </record>
</odoo>
