<?xml version='1.0' encoding='utf-8'?>
<odoo>
  <record id="tax_group_tva_0" model="account.tax.group">
    <field name="country_id" ref="base.ch"/>
  </record>
  <record id="tax_group_tva_100" model="account.tax.group">
    <field name="country_id" ref="base.ch"/>
  </record>
  <record id="tax_group_tva_25" model="account.tax.group">
    <field name="country_id" ref="base.ch"/>
  </record>
  <record id="tax_group_tva_37" model="account.tax.group">
    <field name="country_id" ref="base.ch"/>
  </record>
  <record id="tax_group_tva_77" model="account.tax.group">
    <field name="country_id" ref="base.ch"/>
  </record>
</odoo>
