<?xml version='1.0' encoding='utf-8'?>
<odoo>
  <record id="tax_group_tva_0" model="account.tax.group">
    <field name="country_id" ref="base.ro"/>
  </record>
  <record id="tax_group_tva_0_eu" model="account.tax.group">
    <field name="country_id" ref="base.ro"/>
  </record>
  <record id="tax_group_tva_19" model="account.tax.group">
    <field name="country_id" ref="base.ro"/>
  </record>
  <record id="tax_group_tva_19_eu" model="account.tax.group">
    <field name="country_id" ref="base.ro"/>
  </record>
  <record id="tax_group_tva_20" model="account.tax.group">
    <field name="country_id" ref="base.ro"/>
  </record>
  <record id="tax_group_tva_24" model="account.tax.group">
    <field name="country_id" ref="base.ro"/>
  </record>
  <record id="tax_group_tva_5" model="account.tax.group">
    <field name="country_id" ref="base.ro"/>
  </record>
  <record id="tax_group_tva_5_eu" model="account.tax.group">
    <field name="country_id" ref="base.ro"/>
  </record>
  <record id="tax_group_tva_9" model="account.tax.group">
    <field name="country_id" ref="base.ro"/>
  </record>
  <record id="tax_group_tva_9_eu" model="account.tax.group">
    <field name="country_id" ref="base.ro"/>
  </record>
  <record id="tax_group_tva_ned" model="account.tax.group">
    <field name="country_id" ref="base.ro"/>
  </record>
  <record id="tax_group_tva_neimp" model="account.tax.group">
    <field name="country_id" ref="base.ro"/>
  </record>
  <record id="tax_group_tva_scutit" model="account.tax.group">
    <field name="country_id" ref="base.ro"/>
  </record>
  <record id="tax_group_tva_ti" model="account.tax.group">
    <field name="country_id" ref="base.ro"/>
  </record>
</odoo>
