<?xml version='1.0' encoding='utf-8'?>
<odoo>
  <record id="tax_group_cofins_0" model="account.tax.group">
    <field name="country_id" ref="base.br"/>
  </record>
  <record id="tax_group_cofins_3" model="account.tax.group">
    <field name="country_id" ref="base.br"/>
  </record>
  <record id="tax_group_csll_0" model="account.tax.group">
    <field name="country_id" ref="base.br"/>
  </record>
  <record id="tax_group_icms_0" model="account.tax.group">
    <field name="country_id" ref="base.br"/>
  </record>
  <record id="tax_group_icms_12" model="account.tax.group">
    <field name="country_id" ref="base.br"/>
  </record>
  <record id="tax_group_icms_19" model="account.tax.group">
    <field name="country_id" ref="base.br"/>
  </record>
  <record id="tax_group_icms_26" model="account.tax.group">
    <field name="country_id" ref="base.br"/>
  </record>
  <record id="tax_group_icms_7" model="account.tax.group">
    <field name="country_id" ref="base.br"/>
  </record>
  <record id="tax_group_ipi_0" model="account.tax.group">
    <field name="country_id" ref="base.br"/>
  </record>
  <record id="tax_group_ipi_10" model="account.tax.group">
    <field name="country_id" ref="base.br"/>
  </record>
  <record id="tax_group_ipi_12" model="account.tax.group">
    <field name="country_id" ref="base.br"/>
  </record>
  <record id="tax_group_ipi_13" model="account.tax.group">
    <field name="country_id" ref="base.br"/>
  </record>
  <record id="tax_group_ipi_15" model="account.tax.group">
    <field name="country_id" ref="base.br"/>
  </record>
  <record id="tax_group_ipi_16" model="account.tax.group">
    <field name="country_id" ref="base.br"/>
  </record>
  <record id="tax_group_ipi_18" model="account.tax.group">
    <field name="country_id" ref="base.br"/>
  </record>
  <record id="tax_group_ipi_2" model="account.tax.group">
    <field name="country_id" ref="base.br"/>
  </record>
  <record id="tax_group_ipi_20" model="account.tax.group">
    <field name="country_id" ref="base.br"/>
  </record>
  <record id="tax_group_ipi_22" model="account.tax.group">
    <field name="country_id" ref="base.br"/>
  </record>
  <record id="tax_group_ipi_24" model="account.tax.group">
    <field name="country_id" ref="base.br"/>
  </record>
  <record id="tax_group_ipi_25" model="account.tax.group">
    <field name="country_id" ref="base.br"/>
  </record>
  <record id="tax_group_ipi_27" model="account.tax.group">
    <field name="country_id" ref="base.br"/>
  </record>
  <record id="tax_group_ipi_3" model="account.tax.group">
    <field name="country_id" ref="base.br"/>
  </record>
  <record id="tax_group_ipi_30" model="account.tax.group">
    <field name="country_id" ref="base.br"/>
  </record>
  <record id="tax_group_ipi_300" model="account.tax.group">
    <field name="country_id" ref="base.br"/>
  </record>
  <record id="tax_group_ipi_330" model="account.tax.group">
    <field name="country_id" ref="base.br"/>
  </record>
  <record id="tax_group_ipi_35" model="account.tax.group">
    <field name="country_id" ref="base.br"/>
  </record>
  <record id="tax_group_ipi_4" model="account.tax.group">
    <field name="country_id" ref="base.br"/>
  </record>
  <record id="tax_group_ipi_40" model="account.tax.group">
    <field name="country_id" ref="base.br"/>
  </record>
  <record id="tax_group_ipi_42" model="account.tax.group">
    <field name="country_id" ref="base.br"/>
  </record>
  <record id="tax_group_ipi_45" model="account.tax.group">
    <field name="country_id" ref="base.br"/>
  </record>
  <record id="tax_group_ipi_5" model="account.tax.group">
    <field name="country_id" ref="base.br"/>
  </record>
  <record id="tax_group_ipi_50" model="account.tax.group">
    <field name="country_id" ref="base.br"/>
  </record>
  <record id="tax_group_ipi_60" model="account.tax.group">
    <field name="country_id" ref="base.br"/>
  </record>
  <record id="tax_group_ipi_7" model="account.tax.group">
    <field name="country_id" ref="base.br"/>
  </record>
  <record id="tax_group_ipi_8" model="account.tax.group">
    <field name="country_id" ref="base.br"/>
  </record>
  <record id="tax_group_ir_0" model="account.tax.group">
    <field name="country_id" ref="base.br"/>
  </record>
  <record id="tax_group_irpj_0" model="account.tax.group">
    <field name="country_id" ref="base.br"/>
  </record>
  <record id="tax_group_issqn_0" model="account.tax.group">
    <field name="country_id" ref="base.br"/>
  </record>
  <record id="tax_group_issqn_1" model="account.tax.group">
    <field name="country_id" ref="base.br"/>
  </record>
  <record id="tax_group_issqn_2" model="account.tax.group">
    <field name="country_id" ref="base.br"/>
  </record>
  <record id="tax_group_issqn_3" model="account.tax.group">
    <field name="country_id" ref="base.br"/>
  </record>
  <record id="tax_group_issqn_4" model="account.tax.group">
    <field name="country_id" ref="base.br"/>
  </record>
  <record id="tax_group_issqn_5" model="account.tax.group">
    <field name="country_id" ref="base.br"/>
  </record>
  <record id="tax_group_pis_0" model="account.tax.group">
    <field name="country_id" ref="base.br"/>
  </record>
  <record id="tax_group_pis_065" model="account.tax.group">
    <field name="country_id" ref="base.br"/>
  </record>
</odoo>
