<?xml version='1.0' encoding='utf-8'?>
<odoo>
  <record id="tax_group_0" model="account.tax.group">
    <field name="country_id" ref="base.de"/>
  </record>
  <record id="tax_group_107" model="account.tax.group">
    <field name="country_id" ref="base.de"/>
  </record>
  <record id="tax_group_19" model="account.tax.group">
    <field name="country_id" ref="base.de"/>
  </record>
  <record id="tax_group_55" model="account.tax.group">
    <field name="country_id" ref="base.de"/>
  </record>
  <record id="tax_group_7" model="account.tax.group">
    <field name="country_id" ref="base.de"/>
  </record>
  <record id="tax_group_x" model="account.tax.group">
    <field name="country_id" ref="base.de"/>
  </record>
</odoo>
